{"is_source_file": true, "format": "md", "description": ".md file: README.md", "external_files": [], "external_methods": [], "published": [], "classes": [], "methods": [], "calls": [], "search-terms": ["README.md", "md"], "state": 2, "filename": "README.md", "format-version": 4, "code-base-name": "https://github.com/kavia-common/simple-to-do-list-manager-8115-8125.git:kavia-main", "knowledge_revision": 3, "git_revision": "564802e67dead3ab5e6f7e7f53056ef356739e49", "revision_history": [{"3": "564802e67dead3ab5e6f7e7f53056ef356739e49"}]}