{"is_source_file": true, "format": "Python", "description": "This file defines a FastAPI application with CORS middleware setup and a health check endpoint.", "external_files": ["fastapi", "fastapi.middleware.cors"], "external_methods": ["FastAPI", "CORSMiddleware", "app.add_middleware", "@app.get", "health_check"], "published": ["app"], "classes": [], "methods": [{"name": "health_check()", "description": "A simple endpoint to check if the service is healthy.", "scope": "", "scopeKind": ""}], "calls": ["FastAPI()", "app.add_middleware(", "CORSMiddleware,", "allow_origins=[\"*\"],", "allow_credentials=True,", "allow_methods=[\"*\"],", "allow_headers=[\"*\"]", "@app.get(\"/\")"], "search-terms": ["FastAPI", "CORS middleware", "health check endpoint", "main.py", "simple to-do list API"], "state": 2, "file_id": 3, "knowledge_revision": 8, "git_revision": "8e00911c2e171e5e2c758e71bde6ad47c7e778cb", "ctags": [{"_type": "tag", "name": "app", "path": "/tmp/kavia/workspace/code-generation/simple-to-do-list-manager-8115-8125/todo_backend/src/api/main.py", "pattern": "/^app = FastAPI()$/", "language": "Python", "kind": "variable"}, {"_type": "tag", "name": "health_check", "path": "/tmp/kavia/workspace/code-generation/simple-to-do-list-manager-8115-8125/todo_backend/src/api/main.py", "pattern": "/^def health_check():$/", "language": "Python", "kind": "function", "signature": "()"}], "hash": "58352bf5f133908bab16643199aa483d", "format-version": 4, "code-base-name": "todo_backend", "filename": "todo_backend/src/api/main.py", "fields": [{"name": "app = FastAPI()", "scope": "", "scopeKind": "", "description": "unavailable"}], "revision_history": [{"8": "8e00911c2e171e5e2c758e71bde6ad47c7e778cb"}]}