{"is_source_file": true, "format": "Python", "description": "This file generates an OpenAPI schema from a FastAPI app instance and writes it to a JSON file within the 'interfaces' directory.", "external_files": ["src/api/main"], "external_methods": ["app.openapi()"], "published": [], "classes": [], "methods": [], "calls": ["app.openapi()", "os.makedirs", "os.path.join", "json.dump"], "search-terms": ["generate_openapi", "openapi_schema", "FastAPI", "schema generation", "write openapi json"], "state": 2, "file_id": 1, "knowledge_revision": 9, "git_revision": "8e00911c2e171e5e2c758e71bde6ad47c7e778cb", "ctags": [{"_type": "tag", "name": "openapi_schema", "path": "/tmp/kavia/workspace/code-generation/simple-to-do-list-manager-8115-8125/todo_backend/src/api/generate_openapi.py", "pattern": "/^openapi_schema = app.openapi()$/", "language": "Python", "kind": "variable"}, {"_type": "tag", "name": "output_dir", "path": "/tmp/kavia/workspace/code-generation/simple-to-do-list-manager-8115-8125/todo_backend/src/api/generate_openapi.py", "pattern": "/^output_dir = \"interfaces\"$/", "language": "Python", "kind": "variable"}, {"_type": "tag", "name": "output_path", "path": "/tmp/kavia/workspace/code-generation/simple-to-do-list-manager-8115-8125/todo_backend/src/api/generate_openapi.py", "pattern": "/^output_path = os.path.join(output_dir, \"openapi.json\")$/", "language": "Python", "kind": "variable"}], "hash": "61e3715e79bc397fab3e70f503a41417", "format-version": 4, "code-base-name": "todo_backend", "filename": "todo_backend/src/api/generate_openapi.py", "fields": [{"name": "openapi_schema = app.openapi()", "scope": "", "scopeKind": "", "description": "unavailable"}, {"name": "output_dir = \"interfaces\"", "scope": "", "scopeKind": "", "description": "unavailable"}, {"name": "output_path = os.path.join(output_dir, \"openapi.json\")", "scope": "", "scopeKind": "", "description": "unavailable"}], "revision_history": [{"9": "8e00911c2e171e5e2c758e71bde6ad47c7e778cb"}]}